City_ID,City,Country,Date,Lat,Lng,Max Temp,Humidity,Cloudiness,Wind Speed
0,Port Lincoln,AU,2022-02-02 19:14:28,-34.7333,135.8667,61.77,77,51,12.59
1,Kaitangata,NZ,2022-02-02 19:14:28,-46.2817,169.8464,56.89,96,100,9.06
2,Ketchikan,US,2022-02-02 19:14:28,55.3422,-131.6461,35.58,86,100,5.75
3,Yellowknife,CA,2022-02-02 19:14:29,62.456,-114.3525,-26.59,85,89,3.24
4,Nikolskoye,RU,2022-02-02 19:14:29,59.7035,30.7861,22.89,99,98,1.03
5,Nakamura,JP,2022-02-02 19:14:29,32.9833,132.9333,36.99,81,99,4.25
6,Jamestown,US,2022-02-02 19:14:30,42.097,-79.2353,43.92,52,100,9.22
7,Vryburg,ZA,2022-02-02 19:14:30,-26.9566,24.7284,73.17,66,6,7.78
8,Dire,ML,2022-02-02 19:14:30,12.2833,-10.9667,85.64,7,4,3.56
9,Punta Arenas,CL,2022-02-02 19:12:15,-53.15,-70.9167,50.02,84,75,5.75
10,Busselton,AU,2022-02-02 19:14:31,-33.65,115.3333,67.05,48,100,16.22
11,San Carlos Del Zulia,VE,2022-02-02 19:14:31,9.0,-71.9135,94.96,34,4,9.31
12,Kuusamo,FI,2022-02-02 19:14:32,65.9667,29.1833,12.24,85,20,3.44
13,Port Shepstone,ZA,2022-02-02 19:10:54,-30.7414,30.455,78.15,91,97,19.39
14,West Bay,KY,2022-02-02 19:14:32,19.3667,-81.4167,84.06,90,13,3.0
15,Gazanjyk,TM,2022-02-02 19:14:32,39.2446,55.5154,48.34,46,0,10.94
16,Lerwick,GB,2022-02-02 19:14:33,60.1545,-1.1494,46.4,95,100,9.13
17,Fethiye,TR,2022-02-02 19:14:33,36.6217,29.1164,60.67,82,100,14.47
18,Beringovskiy,RU,2022-02-02 19:14:33,63.05,179.3167,-0.13,83,54,20.22
19,Khatanga,RU,2022-02-02 19:14:34,71.9667,102.5,-38.25,99,58,1.95
20,La Primavera,CO,2022-02-02 19:14:34,5.4906,-70.4092,99.3,24,100,7.74
21,Bose,IT,2022-02-02 19:14:34,45.4612,8.0137,52.34,50,0,6.64
22,Luderitz,NA,2022-02-02 19:14:35,-26.6481,15.1594,67.51,81,54,1.3
23,Rikitea,PF,2022-02-02 19:14:35,-23.1203,-134.9692,77.54,75,100,7.05
24,Natchitoches,US,2022-02-02 19:14:35,31.7668,-93.1335,70.18,82,0,0.0
25,Hermanus,ZA,2022-02-02 19:14:36,-34.4187,19.2345,67.8,83,9,13.11
26,Yarada,IN,2022-02-02 19:14:36,17.65,83.2667,71.92,94,20,2.3
27,Ola,RU,2022-02-02 19:14:36,59.5833,151.2833,10.72,82,100,10.76
28,Camacha,PT,2022-02-02 19:14:37,33.0833,-16.3333,63.54,94,40,8.05
29,Bluff,NZ,2022-02-02 19:14:37,-46.6,168.3333,56.8,77,100,14.58
30,Umba,RU,2022-02-02 19:14:37,66.6871,34.3429,14.83,90,100,9.73
31,Namatanai,PG,2022-02-02 19:14:38,-3.6667,152.4333,77.88,84,100,7.18
32,Pevek,RU,2022-02-02 19:14:38,69.7008,170.3133,-8.88,78,39,4.61
33,Turtas,RU,2022-02-02 19:14:38,58.9417,69.1325,22.59,92,100,10.25
34,Port-Cartier,CA,2022-02-02 19:14:39,50.0334,-66.8654,25.75,95,100,11.12
35,Huanren,CN,2022-02-02 19:14:39,41.2647,125.3667,3.38,91,5,0.83
36,Singarayakonda,IN,2022-02-02 19:14:39,15.25,80.0333,72.95,69,6,8.14
37,Shizunai,JP,2022-02-02 19:14:40,42.3339,142.3669,26.24,73,44,13.91
38,Menongue,AO,2022-02-02 19:09:47,-14.6585,17.691,73.11,44,79,4.63
39,Saint-Philippe,RE,2022-02-02 19:14:40,-21.3585,55.7679,80.19,93,100,31.32
40,Tongliao,CN,2022-02-02 19:14:41,43.6125,122.2653,-3.14,86,3,7.96
41,New Norfolk,AU,2022-02-02 19:14:41,-42.7826,147.0587,54.9,74,36,1.99
42,Albany,US,2022-02-02 19:14:41,42.6001,-73.9662,44.74,72,94,1.99
43,Hithadhoo,MV,2022-02-02 19:14:42,-0.6,73.0833,82.35,70,100,7.56
44,Ibanda,TZ,2022-02-02 19:14:42,-2.7974,32.4746,63.37,88,65,0.51
45,Alencon,FR,2022-02-02 19:15:42,48.4333,0.0833,47.19,94,100,4.9
46,Dikson,RU,2022-02-02 19:15:43,73.5069,80.5464,-8.66,98,99,11.48
47,Deputatskiy,RU,2022-02-02 19:15:43,69.3,139.9,-22.49,94,26,6.17
48,Vyartsilya,RU,2022-02-02 19:15:43,62.1764,30.693,-0.74,99,66,2.82
49,Bengkulu,ID,2022-02-02 19:14:51,-3.8004,102.2655,76.42,89,100,5.08
50,Castro,BR,2022-02-02 19:15:44,-24.7911,-50.0119,76.05,69,42,2.08
51,Severo-Kurilsk,RU,2022-02-02 19:15:44,50.6789,156.125,25.36,85,91,3.22
52,Tuktoyaktuk,CA,2022-02-02 19:15:45,69.4541,-133.0374,-27.4,68,40,9.22
53,Atuona,PF,2022-02-02 19:12:29,-9.8,-139.0333,77.65,78,87,15.26
54,Hermiston,US,2022-02-02 19:15:45,45.8404,-119.2895,40.12,39,40,3.44
55,Saint-Georges,GD,2022-02-02 19:15:45,12.0564,-61.7485,83.88,74,20,23.02
56,Hobart,AU,2022-02-02 19:15:46,-42.8794,147.3294,55.26,73,40,1.01
57,Hare Bay,CA,2022-02-02 19:15:46,48.8499,-54.0148,31.35,57,56,10.42
58,Barra Do Garcas,BR,2022-02-02 19:15:46,-15.89,-52.2567,79.38,83,75,6.6
59,Maragogi,BR,2022-02-02 19:15:47,-9.0122,-35.2225,83.28,65,9,11.81
60,Ushuaia,AR,2022-02-02 19:10:58,-54.8,-68.3,47.82,61,75,25.32
61,Anadyr,RU,2022-02-02 19:15:47,64.75,177.4833,19.9,49,0,33.55
62,Alofi,NU,2022-02-02 19:15:48,-19.0595,-169.9187,73.29,100,100,4.61
63,Pemangkat,ID,2022-02-02 19:15:48,1.1667,108.9667,76.59,89,60,5.95
64,Klaksvik,FO,2022-02-02 19:15:48,62.2266,-6.589,38.32,81,100,10.04
65,Buraydah,SA,2022-02-02 19:15:23,26.326,43.975,55.85,34,0,11.12
66,Kalagarh,IN,2022-02-02 19:15:49,29.5,78.75,54.16,71,91,4.7
67,Bonavista,CA,2022-02-02 19:15:30,48.6499,-53.1147,29.12,70,19,14.58
68,Port Alfred,ZA,2022-02-02 19:15:49,-33.5906,26.891,74.77,95,100,16.71
69,Kondol,RU,2022-02-02 19:15:49,52.8189,45.058,29.26,98,100,7.58
70,Marawi,PH,2022-02-02 19:15:50,7.9986,124.2928,66.65,91,100,0.87
71,Victoria,HK,2022-02-02 19:13:16,22.2855,114.1577,58.24,93,100,1.01
72,Katsuura,JP,2022-02-02 19:15:50,35.1333,140.3,35.71,57,10,9.13
73,Constitucion,CL,2022-02-02 19:15:51,-35.3333,-72.4167,66.96,66,6,7.74
74,Kodiak,US,2022-02-02 19:15:51,57.79,-152.4072,36.91,87,100,4.61
75,Fortuna,US,2022-02-02 19:15:51,40.5982,-124.1573,52.93,58,0,5.01
76,Berdigestyakh,RU,2022-02-02 19:15:52,62.0989,126.6992,-15.99,98,100,2.84
77,Alugan,PH,2022-02-02 19:15:52,12.2188,125.4808,78.64,84,65,15.01
78,Siocon,PH,2022-02-02 19:15:53,7.7061,122.1353,76.6,86,73,7.23
79,Hilo,US,2022-02-02 19:12:53,19.7297,-155.09,76.24,70,20,4.61
80,Rio Gallegos,AR,2022-02-02 19:15:53,-51.6226,-69.2181,66.25,37,75,16.11
81,Aksarka,RU,2022-02-02 19:15:53,66.5606,67.7975,4.41,96,100,6.76
82,Vila Velha,BR,2022-02-02 19:15:33,-20.3297,-40.2925,80.55,83,75,5.75
83,Avarua,CK,2022-02-02 19:15:54,-21.2078,-159.775,80.65,89,75,14.97
84,Toora-Khem,RU,2022-02-02 19:15:54,52.4675,96.11,-21.1,100,96,0.4
85,Port Blair,IN,2022-02-02 19:15:55,11.6667,92.75,78.84,73,20,6.91
86,Itarema,BR,2022-02-02 19:15:55,-2.9248,-39.9167,84.27,64,43,13.87
87,Barrow,US,2022-02-02 19:15:55,71.2906,-156.7887,-21.98,76,0,3.44
88,Faya,SA,2022-02-02 19:15:56,18.3851,42.4509,59.52,72,14,1.81
89,Pekalongan,ID,2022-02-02 19:15:56,-6.8886,109.6753,77.31,83,91,2.62
90,Vaini,TO,2022-02-02 19:15:56,-21.2,-175.2,78.96,83,20,3.44
91,Minbu,MM,2022-02-02 19:15:57,20.1833,94.8833,63.1,57,78,4.34
92,Praia Da Vitoria,PT,2022-02-02 19:16:57,38.7333,-27.0667,61.05,82,20,9.37
93,Tyrma,RU,2022-02-02 19:16:57,50.0833,132.1667,-21.75,100,94,1.48
94,Plettenberg Bay,ZA,2022-02-02 19:16:58,-34.0527,23.3716,69.28,95,100,5.35
95,Lagos,NG,2022-02-02 19:14:02,6.5833,3.75,77.4,75,23,6.78
96,Rundu,NA,2022-02-02 19:16:59,-17.9333,19.7667,71.8,54,7,3.38
97,Chokurdakh,RU,2022-02-02 19:16:59,70.6333,147.9167,-18.76,98,100,7.61
98,Lakselv,NO,2022-02-02 19:16:59,70.0513,24.9718,-0.58,84,0,1.14
99,Chuy,UY,2022-02-02 19:17:00,-33.6971,-53.4616,82.15,55,0,13.33
100,Rochegda,RU,2022-02-02 19:17:00,62.8,43.25,14.88,98,100,2.66
101,Isangel,VU,2022-02-02 19:17:00,-19.55,169.2667,77.11,100,75,0.0
102,Saskylakh,RU,2022-02-02 19:17:01,71.9167,114.0833,-29.54,100,28,2.84
103,Sovetskiy,RU,2022-02-02 19:17:01,61.3614,63.5842,22.3,97,100,5.46
104,Saldanha,ZA,2022-02-02 19:17:01,-33.0117,17.9442,66.22,87,100,7.05
105,Gerede,TR,2022-02-02 19:17:02,40.8008,32.1969,33.75,97,100,11.3
106,Port Elizabeth,ZA,2022-02-02 19:17:02,-33.918,25.5701,74.1,100,75,13.8
107,Nanortalik,GL,2022-02-02 19:17:03,60.1432,-45.2371,6.46,74,0,12.57
108,Lang Suan,TH,2022-02-02 19:17:03,9.9456,99.0785,77.2,87,44,3.58
109,Mataura,NZ,2022-02-02 19:17:04,-46.1927,168.8643,56.48,99,100,4.9
110,San Policarpo,PH,2022-02-02 19:17:04,12.1791,125.5072,79.14,83,70,16.04
111,Puerto Ayora,EC,2022-02-02 19:17:04,-0.7393,-90.3518,82.36,87,66,5.99
112,Geraldton,AU,2022-02-02 19:17:05,-28.7667,114.6,86.41,16,0,16.11
113,Kapaa,US,2022-02-02 19:17:05,22.0752,-159.319,72.48,75,0,6.91
114,Thompson,CA,2022-02-02 19:15:11,55.7435,-97.8558,-14.64,58,0,17.27
115,Ponta Do Sol,PT,2022-02-02 19:17:05,32.6667,-17.1,67.01,88,100,4.05
116,Thinadhoo,MV,2022-02-02 19:17:06,0.5333,72.9333,82.81,70,20,8.05
117,Cape Town,ZA,2022-02-02 19:12:36,-33.9258,18.4232,68.88,87,75,5.99
118,Parati,BR,2022-02-02 19:17:06,-23.2178,-44.7131,77.9,97,100,0.36
119,Kruisfontein,ZA,2022-02-02 19:17:07,-34.0033,24.7314,71.89,95,100,13.8
120,Lata,PT,2022-02-02 19:17:07,40.1629,-8.3327,54.07,65,82,0.65
121,Bakchar,RU,2022-02-02 19:17:08,57.0186,82.0711,4.42,100,100,4.61
122,Acapetahua,MX,2022-02-02 19:17:08,15.2833,-92.7,87.8,39,16,9.24
123,Anori,BR,2022-02-02 19:17:08,-3.7728,-61.6442,86.63,66,59,5.14
124,Usinsk,RU,2022-02-02 19:17:09,65.9939,57.5281,15.22,96,100,9.17
125,Chernaya Kholunitsa,RU,2022-02-02 19:17:09,58.8511,51.7154,20.7,94,100,8.7
126,Helong,CN,2022-02-02 19:17:10,42.5397,128.9972,5.18,82,23,7.18
127,Tessalit,ML,2022-02-02 19:17:10,20.1986,1.0114,67.05,11,0,9.06
128,Kununurra,AU,2022-02-02 19:17:11,-15.7667,128.7333,76.98,88,100,8.05
129,Flinders,AU,2022-02-02 19:17:11,-34.5833,150.8552,65.21,75,100,11.01
130,Nyaunglebin,MM,2022-02-02 19:17:11,17.95,96.7333,58.82,39,40,1.36
131,Altay,CN,2022-02-02 19:17:12,47.8667,88.1167,5.34,72,18,7.16
132,Arcata,US,2022-02-02 19:12:14,40.8665,-124.0828,52.41,68,0,10.0
133,Flin Flon,CA,2022-02-02 19:15:11,54.7682,-101.865,-13.16,53,0,9.22
134,Tobermory,CA,2022-02-02 19:17:12,45.2501,-81.6665,25.3,83,100,13.13
135,Baisha,CN,2022-02-02 19:17:12,26.5222,110.9311,34.45,95,98,3.51
136,Dwarka,IN,2022-02-02 19:17:13,22.2394,68.9678,73.22,77,7,15.19
137,Halifax,CA,2022-02-02 19:14:17,44.6453,-63.5724,36.21,76,94,4.0
138,Qasigiannguit,GL,2022-02-02 19:18:14,68.8193,-51.1922,1.65,70,29,11.9
139,Codrington,AU,2022-02-02 19:18:14,-38.2667,141.9667,57.18,68,48,13.94
140,Black Forest,US,2022-02-02 19:18:14,39.0131,-104.7008,12.99,77,100,1.99
141,Katsina,NG,2022-02-02 19:18:15,12.9894,7.6006,68.58,9,91,8.57
142,Airai,TL,2022-02-02 19:18:12,-8.9266,125.4092,60.39,87,100,2.24
143,Pangnirtung,CA,2022-02-02 19:18:15,66.1451,-65.7125,3.2,85,100,19.57
144,Zonguldak,TR,2022-02-02 19:18:16,41.25,31.8333,41.09,89,100,6.06
145,Galveston,US,2022-02-02 19:18:16,29.3669,-94.9669,72.21,93,100,1.01
146,Georgetown,MY,2022-02-02 19:18:16,5.4112,100.3354,80.89,88,20,2.3
147,Kalmunai,LK,2022-02-02 19:14:52,7.4167,81.8167,74.86,75,75,3.74
148,Atbasar,KZ,2022-02-02 19:18:17,51.8,68.3333,1.98,94,100,4.18
149,Petropavlovsk-Kamchatskiy,RU,2022-02-02 19:18:17,53.0452,158.6483,25.39,93,75,2.24
150,Bredasdorp,ZA,2022-02-02 19:18:17,-34.5322,20.0403,70.92,68,26,17.27
151,Souillac,MU,2022-02-02 19:18:18,-20.5167,57.5167,79.36,94,75,29.93
152,Gondanglegi,ID,2022-02-02 19:18:18,-7.7479,112.0132,74.86,93,100,2.44
153,Teluknaga,ID,2022-02-02 19:18:19,-6.0989,106.6381,80.64,91,20,1.14
154,Mount Gambier,AU,2022-02-02 19:18:19,-37.8333,140.7667,58.8,57,100,10.38
155,Marsh Harbour,BS,2022-02-02 19:18:20,26.5412,-77.0636,72.36,55,13,17.78
156,Carnarvon,AU,2022-02-02 19:18:20,-24.8667,113.6333,78.87,83,100,10.36
157,Lompoc,US,2022-02-02 19:18:21,34.6391,-120.4579,64.02,31,0,11.5
158,Palmer,US,2022-02-02 19:18:21,42.1584,-72.3287,46.67,67,100,1.01
159,Ahipara,NZ,2022-02-02 19:18:21,-35.1667,173.1667,68.41,89,99,11.32
160,Yar-Sale,RU,2022-02-02 19:18:22,66.8333,70.8333,-6.23,91,100,11.63
161,Provideniya,RU,2022-02-02 19:18:22,64.3833,-173.3,4.39,65,0,22.95
162,Port-Gentil,GA,2022-02-02 19:18:22,-0.7193,8.7815,80.46,80,16,8.59
163,Ribeira Grande,PT,2022-02-02 19:18:23,38.5167,-28.7,61.2,67,20,6.91
164,Ponto Novo,BR,2022-02-02 19:18:23,-10.8628,-40.1336,91.02,33,16,8.86
165,Wajir,KE,2022-02-02 19:18:23,1.7471,40.0573,86.88,39,100,4.18
166,Mar Del Plata,AR,2022-02-02 19:15:34,-38.0023,-57.5575,87.82,50,0,11.99
167,Yumen,CN,2022-02-02 19:18:24,40.2833,97.2,23.32,33,100,9.57
168,Cidreira,BR,2022-02-02 19:18:24,-30.1811,-50.2056,78.75,76,0,15.3
169,Alghero,IT,2022-02-02 19:18:24,40.5589,8.3181,50.99,93,40,2.3
170,Consett,GB,2022-02-02 19:18:25,54.854,-1.8316,48.51,85,100,10.13
171,Tingo Maria,PE,2022-02-02 19:18:25,-9.2895,-76.0088,71.91,78,100,6.91
172,Mehamn,NO,2022-02-02 19:18:25,71.0357,27.8492,17.51,83,100,6.51
173,Cap Malheureux,MU,2022-02-02 19:18:26,-19.9842,57.6142,79.47,89,100,21.99
174,Sambava,MG,2022-02-02 19:18:26,-14.2667,50.1667,78.26,79,100,6.2
175,Baikunthpur,IN,2022-02-02 19:18:26,23.25,82.55,58.68,44,0,3.8
176,Nara,JP,2022-02-02 19:18:27,34.6851,135.8049,43.88,62,99,5.19
177,Tomatlan,MX,2022-02-02 19:18:27,19.9333,-105.25,86.11,24,0,9.19
178,Aklavik,CA,2022-02-02 19:18:27,68.2191,-135.0107,-25.6,68,40,3.44
179,Formiga,BR,2022-02-02 19:18:28,-20.4644,-45.4264,73.38,85,98,4.43
180,San Andres,CO,2022-02-02 19:18:28,12.5847,-81.7006,84.22,65,20,10.36
181,Yate,GB,2022-02-02 19:18:28,51.5407,-2.4184,49.71,86,100,1.99
182,The Valley,AI,2022-02-02 19:18:29,18.217,-63.0578,85.86,69,40,12.66
183,Sitka,US,2022-02-02 19:18:29,57.0531,-135.33,37.29,87,100,3.44
184,Springbok,ZA,2022-02-02 19:18:29,-29.6643,17.8865,62.46,81,73,8.55
185,Joetsu,JP,2022-02-02 19:16:03,37.1483,138.2364,34.72,89,100,14.16
186,Hudson Bay,CA,2022-02-02 19:19:30,52.85,-102.3842,-9.51,79,19,7.36
187,Bethel,US,2022-02-02 19:19:30,41.3712,-73.414,45.52,76,100,4.61
188,Ilulissat,GL,2022-02-02 19:19:31,69.2167,-51.1,1.42,71,20,27.63
189,Yanam,IN,2022-02-02 19:19:31,16.7333,82.2167,66.54,86,1,1.28
190,Saint-Pierre,RE,2022-02-02 19:17:11,-21.3393,55.4781,80.28,89,100,39.12
191,Saint-Joseph,RE,2022-02-02 19:19:32,-21.3667,55.6167,79.18,90,100,30.98
192,Taksimo,RU,2022-02-02 19:19:32,56.3444,114.8794,-20.38,92,20,2.91
193,Marshall,US,2022-02-02 19:15:18,34.3834,-86.3333,57.02,77,40,8.99
194,Bitung,ID,2022-02-02 19:19:32,1.4451,125.1824,74.25,86,99,8.3
195,Barra Do Corda,BR,2022-02-02 19:19:33,-5.5,-45.25,87.87,62,9,3.91
196,Kamenka,RU,2022-02-02 19:19:33,51.3223,42.7678,32.76,99,100,7.23
197,Kahului,US,2022-02-02 19:19:34,20.8947,-156.47,76.26,71,20,0.0
198,Kulhudhuffushi,MV,2022-02-02 19:19:34,6.6221,73.07,80.92,76,29,10.04
199,Esperance,AU,2022-02-02 19:19:34,-33.8667,121.9,59.85,74,5,12.33
200,Cuamba,MZ,2022-02-02 19:19:35,-14.8031,36.5372,71.64,87,84,2.35
201,Mahebourg,MU,2022-02-02 19:19:35,-20.4081,57.7,79.25,94,75,29.93
202,Peskovka,RU,2022-02-02 19:19:35,59.0448,52.3606,21.29,93,100,8.77
203,Bay Roberts,CA,2022-02-02 19:19:36,47.5999,-53.2648,32.23,66,2,4.0
204,Kudahuvadhoo,MV,2022-02-02 19:19:36,2.6708,72.8944,81.14,75,2,9.46
205,Nelson,NZ,2022-02-02 19:15:11,-41.2833,173.2833,69.8,90,100,3.0
206,Sola,VU,2022-02-02 19:19:37,-13.8833,167.55,81.16,79,100,10.09
207,Lebanon,US,2022-02-02 19:18:44,36.2081,-86.2911,55.65,87,100,4.61
208,Cervo,ES,2022-02-02 19:19:37,43.6702,-7.4101,50.97,82,62,4.41
209,San Quintin,MX,2022-02-02 19:19:37,30.4833,-115.95,61.5,52,0,5.77
210,Kilmaurs,GB,2022-02-02 19:19:38,55.638,-4.5273,49.41,91,100,14.97
211,Butaritari,KI,2022-02-02 19:19:38,3.0707,172.7902,80.91,80,64,16.91
212,Hasaki,JP,2022-02-02 19:19:39,35.7333,140.8333,27.0,43,38,1.01
213,Seoul,KR,2022-02-02 19:17:03,37.5683,126.9778,24.24,68,0,6.91
214,Buala,SB,2022-02-02 19:19:39,-8.145,159.5921,78.6,85,100,6.13
215,Hervey Bay,AU,2022-02-02 19:19:39,-25.2986,152.8535,74.03,83,100,11.52
216,Xining,CN,2022-02-02 19:19:40,36.6167,101.7667,13.32,66,72,2.26
217,Ankara,TR,2022-02-02 19:17:11,39.9199,32.8543,43.84,65,75,9.22
218,Lorengau,PG,2022-02-02 19:19:40,-2.0226,147.2712,79.68,80,100,11.45
219,Diplo,PK,2022-02-02 19:19:41,24.4667,69.584,71.49,66,0,17.49
220,Peniche,PT,2022-02-02 19:19:41,39.3558,-9.3811,59.61,75,100,6.8
221,Talnakh,RU,2022-02-02 19:19:41,69.4865,88.3972,-2.79,98,96,6.53
222,Vao,NC,2022-02-02 19:19:42,-22.6667,167.4833,77.83,82,100,19.01
223,Gonda,IN,2022-02-02 19:19:42,27.1333,81.9333,55.18,62,97,7.18
224,Lavrentiya,RU,2022-02-02 19:19:42,65.5833,-171.0,0.75,69,1,20.78
225,Vostok,RU,2022-02-02 19:19:43,46.4856,135.8833,-4.81,99,100,3.62
226,Sombrerete,MX,2022-02-02 19:19:43,23.6333,-103.65,66.11,18,0,21.7
227,Cabo San Lucas,MX,2022-02-02 19:15:25,22.8909,-109.9124,79.9,38,20,3.0
228,Fort-Shevchenko,KZ,2022-02-02 19:19:44,44.5086,50.263,41.76,87,91,12.39
229,Vanimo,PG,2022-02-02 19:19:44,-2.6741,141.3028,77.45,87,100,3.67
230,Borogontsy,RU,2022-02-02 19:19:44,62.6683,131.1683,-36.85,100,39,0.25
231,Longyearbyen,SJ,2022-02-02 19:20:45,78.2186,15.6401,19.24,68,93,16.11
232,Tibati,CM,2022-02-02 19:20:45,6.4667,12.6333,75.81,24,5,1.74
233,Clyde River,CA,2022-02-02 19:20:45,70.4692,-68.5914,-19.97,76,100,6.91
234,Maarianhamina,AX,2022-02-02 19:20:46,60.0973,19.9348,17.46,93,75,0.0
235,Monrovia,LR,2022-02-02 19:20:46,6.3005,-10.7969,82.17,77,11,10.58
236,Prince George,CA,2022-02-02 19:20:46,53.9166,-122.753,7.29,83,100,0.0
237,Goderich,CA,2022-02-02 19:20:47,43.7501,-81.7165,33.03,93,100,10.36
238,Tasiilaq,GL,2022-02-02 19:20:47,65.6145,-37.6368,14.16,71,100,7.2
239,Iqaluit,CA,2022-02-02 19:20:47,63.7506,-68.5145,8.33,78,100,17.0
240,Manaure,CO,2022-02-02 19:20:48,11.7751,-72.4445,88.21,49,10,21.21
241,Arraial Do Cabo,BR,2022-02-02 19:20:48,-22.9661,-42.0278,82.36,78,40,11.5
242,Vardo,NO,2022-02-02 19:20:48,70.3705,31.1107,30.18,59,75,12.66
243,Plainview,US,2022-02-02 19:20:49,40.7765,-73.4673,46.49,83,40,3.44
244,Norman Wells,CA,2022-02-02 19:20:49,65.282,-126.8329,-29.16,68,75,0.0
245,Narsaq,GL,2022-02-02 19:20:49,60.9167,-46.05,5.22,69,16,5.88
246,Ostrovnoy,RU,2022-02-02 19:20:50,68.0531,39.5131,21.15,86,100,15.64
247,Margate,GB,2022-02-02 19:20:50,51.3813,1.3862,49.69,80,100,9.57
248,Sungaipenuh,ID,2022-02-02 19:20:50,-2.0833,101.3833,64.85,96,90,2.95
249,Asau,RO,2022-02-02 19:20:51,46.4333,26.4,29.32,89,91,6.29
250,La Ronge,CA,2022-02-02 19:20:51,55.1001,-105.2842,-18.15,43,0,5.75
251,Poum,NC,2022-02-02 19:20:51,-20.2333,164.0167,79.45,78,0,12.35
252,Bambous Virieux,MU,2022-02-02 19:20:52,-20.3428,57.7575,79.21,94,75,29.93
253,Eyl,SO,2022-02-02 19:20:52,7.9803,49.8164,75.27,75,6,18.05
254,Basco,PH,2022-02-02 19:20:52,20.4487,121.9702,74.73,74,100,13.76
255,Carahue,CL,2022-02-02 19:20:53,-38.7,-73.1667,80.8,49,0,9.42
256,Husavik,IS,2022-02-02 19:20:53,66.0449,-17.3389,24.71,90,99,4.52
257,Kralendijk,BQ,2022-02-02 19:20:54,12.15,-68.2667,84.18,65,75,18.41
258,Antofagasta,CL,2022-02-02 19:20:54,-23.65,-70.4,74.21,60,7,11.59
259,Salalah,OM,2022-02-02 19:20:54,17.0151,54.0924,73.49,38,0,2.3
260,Tura,IN,2022-02-02 19:20:55,25.5198,90.2201,60.4,54,96,4.41
261,San Patricio,US,2022-02-02 19:20:55,28.017,-97.5169,78.89,66,100,15.7
262,Coaticook,CA,2022-02-02 19:20:55,45.1334,-71.7991,42.08,88,100,9.26
263,Komsomolskiy,UZ,2022-02-02 19:20:55,40.4272,71.7189,38.12,56,100,9.22
264,Bima,ID,2022-02-02 19:20:56,-8.4667,118.7167,75.63,92,97,2.46
265,Waslala,NI,2022-02-02 19:20:56,13.2333,-85.3833,86.34,41,6,7.74
266,Gillette,US,2022-02-02 19:20:57,44.2911,-105.5022,2.25,74,100,8.01
267,Bahia Honda,CU,2022-02-02 19:20:57,22.9036,-83.1592,80.58,59,36,12.64
268,Rocha,UY,2022-02-02 19:20:57,-34.4833,-54.3333,88.21,34,0,9.26
269,Turukhansk,RU,2022-02-02 19:20:58,65.8167,87.9833,1.38,91,99,8.14
270,Dunedin,NZ,2022-02-02 19:20:58,-45.8742,170.5036,58.05,96,100,12.86
271,Bilma,NE,2022-02-02 19:20:58,18.6853,12.9164,64.89,15,0,7.87
272,Santa Cruz Del Sur,CU,2022-02-02 19:20:59,20.7147,-77.9956,83.48,53,54,11.18
273,Sistranda,NO,2022-02-02 19:20:59,63.7256,8.834,30.16,55,100,14.38
274,Kavaratti,IN,2022-02-02 19:20:59,10.5669,72.642,80.11,71,6,10.89
275,Adre,TD,2022-02-02 19:21:00,13.4667,22.2,69.91,19,11,8.84
276,Coquimbo,CL,2022-02-02 19:21:00,-29.9533,-71.3436,69.53,64,0,14.97
277,Takoradi,GH,2022-02-02 19:21:00,4.8845,-1.7554,81.43,75,0,11.43
278,Nsukka,NG,2022-02-02 19:21:01,6.8561,7.3927,84.33,21,4,2.57
279,Pagudpud,PH,2022-02-02 19:22:01,18.5616,120.7868,72.59,81,0,6.08
280,Lar,IN,2022-02-02 19:22:01,26.2039,83.9717,56.05,57,0,6.13
281,Sopot,PL,2022-02-02 19:22:02,54.4418,18.56,33.89,85,20,5.75
282,Pisco,PE,2022-02-02 19:22:02,-13.7,-76.2167,77.05,61,0,9.22
283,Maiduguri,NG,2022-02-02 19:17:03,11.8464,13.1603,68.47,24,1,13.13
284,Kavieng,PG,2022-02-02 19:22:03,-2.5744,150.7967,77.27,87,100,13.18
285,Phonhong,LA,2022-02-02 19:22:03,18.5007,102.4166,67.1,93,3,2.98
286,Harsud,IN,2022-02-02 19:22:03,22.1,76.7333,70.2,33,0,2.64
287,Yichun,CN,2022-02-02 19:22:04,47.7,128.9,-10.61,100,98,2.57
288,Leningradskiy,RU,2022-02-02 19:22:04,69.3833,178.4167,-13.7,96,30,10.22
289,Cherskiy,RU,2022-02-02 19:22:04,68.75,161.3,-10.66,64,97,1.79
290,Dingle,PH,2022-02-02 19:22:05,10.9995,122.6711,73.89,95,100,8.12
291,Nome,US,2022-02-02 19:22:05,64.5011,-165.4064,10.47,56,0,28.77
292,Ures,MX,2022-02-02 19:22:05,29.4333,-110.4,67.12,42,74,18.1
293,Kabanjahe,ID,2022-02-02 19:22:06,3.1001,98.4908,65.41,93,99,1.79
294,Ukiah,US,2022-02-02 19:22:06,39.1502,-123.2078,59.58,51,0,0.0
295,Valparaiso,CL,2022-02-02 19:22:07,-33.0393,-71.6273,75.43,58,0,8.05
296,Robertsport,LR,2022-02-02 19:20:17,6.7533,-11.3686,80.92,79,9,11.52
297,Ndele,CF,2022-02-02 19:22:07,8.4109,20.6473,77.92,18,9,4.52
298,Bayangol,RU,2022-02-02 19:22:07,50.6977,103.4656,-7.91,97,100,3.0
299,Auki,SB,2022-02-02 19:22:08,-8.7676,160.7034,78.01,87,100,5.14
300,Klyuchi,RU,2022-02-02 19:22:08,52.2667,79.1667,-2.47,100,94,2.48
301,Caravelas,BR,2022-02-02 19:22:08,-17.7125,-39.2481,82.87,71,100,8.68
302,Chongqing,CN,2022-02-02 19:22:09,29.5628,106.5528,45.23,89,100,3.0
303,Brazzaville,CG,2022-02-02 19:22:09,-4.2658,15.2832,79.16,83,20,3.44
304,Fort Walton Beach,US,2022-02-02 19:22:09,30.4058,-86.6188,71.06,78,100,8.01
305,Sosnovo-Ozerskoye,RU,2022-02-02 19:22:10,52.5249,111.5418,-28.91,100,36,1.81
306,Chivacoa,VE,2022-02-02 19:22:10,10.1603,-68.895,91.63,63,100,3.58
307,Savannah Bight,HN,2022-02-02 19:22:10,16.45,-85.85,82.99,73,0,21.03
308,Eberbach,DE,2022-02-02 19:22:11,49.4694,8.9928,48.29,87,86,4.07
309,Yangjiang,CN,2022-02-02 19:22:11,21.85,111.9667,54.95,91,100,9.1
310,Celestun,MX,2022-02-02 19:22:12,20.8667,-90.4,82.81,58,0,4.43
311,Batagay-Alyta,RU,2022-02-02 19:22:12,67.8006,130.4114,-23.98,100,68,2.66
312,Ancud,CL,2022-02-02 19:22:12,-41.8697,-73.8203,74.23,71,88,8.95
313,Limbe,CM,2022-02-02 19:22:14,4.0242,9.2149,81.45,77,5,7.18
314,Ozinki,RU,2022-02-02 19:22:14,51.1786,49.6769,30.29,95,100,15.68
315,Atambua,ID,2022-02-02 19:22:14,-9.1061,124.8925,73.04,90,85,2.19
316,Bafq,IR,2022-02-02 19:22:15,31.6128,55.4107,49.3,36,0,4.43
317,Najran,SA,2022-02-02 19:22:15,17.4924,44.1277,61.45,37,0,3.51
318,Gold Coast,AU,2022-02-02 19:19:35,-28.0,153.4333,78.28,96,100,6.91
319,Oktyabrskoye,RU,2022-02-02 19:22:15,43.0645,44.7417,28.54,100,37,2.24
320,Itoman,JP,2022-02-02 19:22:16,26.1247,127.6694,69.82,92,100,11.5
321,Adrar,MR,2022-02-02 19:22:16,20.5022,-10.0711,76.08,17,100,9.89
322,La Asuncion,VE,2022-02-02 19:22:16,11.0333,-63.8628,87.53,55,5,17.27
323,Faanui,PF,2022-02-02 19:22:17,-16.4833,-151.75,80.76,75,19,18.23
324,Nyuksenitsa,RU,2022-02-02 19:22:17,60.4128,44.2397,22.06,96,100,6.62
325,Beloha,MG,2022-02-02 19:22:18,-25.1667,45.05,74.23,73,0,21.7
326,Namibe,AO,2022-02-02 19:22:18,-15.1961,12.1522,74.21,68,89,11.32
327,Kutum,SD,2022-02-02 19:23:19,14.2,24.6667,68.0,21,57,2.89
328,Avera,US,2022-02-02 19:23:19,33.194,-82.5271,65.71,61,64,10.6
329,Tuatapere,NZ,2022-02-02 19:23:19,-46.1333,167.6833,56.82,92,100,7.58
330,Stornoway,GB,2022-02-02 19:23:20,58.2093,-6.3865,48.92,97,100,5.99
331,Birjand,IR,2022-02-02 19:23:20,32.8663,59.2211,34.27,80,0,4.61
332,Yeppoon,AU,2022-02-02 19:23:20,-23.1333,150.7333,74.98,91,100,5.32
333,Mogadishu,SO,2022-02-02 19:23:21,2.0371,45.3438,78.89,84,100,19.57
334,Karla,EE,2022-02-02 19:23:21,59.3723,24.9275,23.58,88,100,3.44
335,Olmos,PE,2022-02-02 19:23:22,-5.9847,-79.7453,86.9,33,10,12.82
336,Katete,UG,2022-02-02 19:23:22,-0.7818,29.7544,69.51,59,100,3.02
337,Ballina,AU,2022-02-02 19:23:23,-28.8667,153.5667,73.78,96,40,9.22
338,Padang,ID,2022-02-02 19:23:23,-0.9492,100.3543,77.52,88,99,4.74
339,Northam,GB,2022-02-02 19:23:23,51.0333,-4.2167,48.9,89,100,8.86
340,Qaanaaq,GL,2022-02-02 19:23:24,77.484,-69.3632,-17.23,68,100,6.78
341,Kiama,AU,2022-02-02 19:18:24,-34.6833,150.8667,64.38,76,100,3.0
342,Krasnoselkup,RU,2022-02-02 19:23:24,65.7,82.4667,-23.73,100,97,3.85
343,Half Moon Bay,US,2022-02-02 19:23:24,37.4636,-122.4286,61.56,32,0,7.0
344,Great Bend,US,2022-02-02 19:21:24,38.3645,-98.7648,17.65,83,100,25.32
345,Russell,US,2022-02-02 19:23:25,32.3502,-85.1999,70.75,50,20,18.41
346,Poyarkovo,RU,2022-02-02 19:23:25,49.6,128.6833,-20.49,100,10,5.26
347,Guerrero Negro,MX,2022-02-02 19:23:25,27.9769,-114.0611,63.48,54,6,14.07
348,Coahuayana,MX,2022-02-02 19:23:26,18.7333,-103.6833,85.66,32,0,6.73
349,Huilong,CN,2022-02-02 19:23:26,31.8111,121.655,40.03,72,100,7.78
350,Agua Dulce,MX,2022-02-02 19:23:27,18.1333,-94.1333,83.98,70,0,3.76
351,Upernavik,GL,2022-02-02 19:23:27,72.7868,-56.1549,-4.41,68,100,6.49
352,Rio Pomba,BR,2022-02-02 19:23:27,-21.2747,-43.1792,73.94,81,100,2.95
353,Pucara,PE,2022-02-02 19:23:28,-15.9803,-71.4606,42.93,63,100,12.3
354,Marystown,CA,2022-02-02 19:23:28,47.1666,-55.1483,28.85,100,14,5.99
355,Taltal,CL,2022-02-02 19:23:28,-25.4,-70.4833,71.91,66,19,9.35
356,Along,IN,2022-02-02 19:23:29,28.1667,94.7667,49.14,88,25,2.19
357,Evensk,RU,2022-02-02 19:23:29,61.95,159.2333,21.36,42,100,24.58
358,Sinnamary,GF,2022-02-02 19:23:29,5.3833,-52.95,80.55,76,28,11.41
359,Grindavik,IS,2022-02-02 19:23:30,63.8424,-22.4338,28.87,59,75,9.22
360,Port Hardy,CA,2022-02-02 19:23:30,50.6996,-127.4199,43.75,93,100,10.36
361,Kaduna,NG,2022-02-02 19:21:08,10.5222,7.4383,74.66,15,30,3.33
362,Quelimane,MZ,2022-02-02 19:23:30,-17.8786,36.8883,80.55,83,20,5.75
363,Naze,JP,2022-02-02 19:23:31,28.3667,129.4833,56.79,90,100,11.36
364,Lebu,CL,2022-02-02 19:23:31,-37.6167,-73.65,65.26,76,29,10.42
365,Khandbari,NP,2022-02-02 19:23:31,27.3747,87.2039,48.38,82,74,2.26
366,Mookane,BW,2022-02-02 19:23:32,-23.688,26.6595,82.24,48,100,5.55
367,Ust-Tsilma,RU,2022-02-02 19:23:32,65.441,52.1498,15.53,97,100,2.15
368,Vila Franca Do Campo,PT,2022-02-02 19:23:33,37.7167,-25.4333,61.2,79,15,10.07
369,Saint-Francois,FR,2022-02-02 19:23:33,46.4154,3.9054,45.84,87,100,2.3
370,Coos Bay,US,2022-02-02 19:23:33,43.3665,-124.2179,48.31,91,100,4.61
371,Kirakira,SB,2022-02-02 19:24:34,-10.4544,161.9205,79.47,85,100,6.64
372,Tubajon,PH,2022-02-02 19:24:34,10.3317,125.5619,76.1,86,100,10.54
373,Tual,ID,2022-02-02 19:24:34,-5.6667,132.75,81.95,77,100,8.81
374,Patacamaya,BO,2022-02-02 19:24:35,-17.2333,-67.9167,58.62,47,81,8.48
375,Gurupa,BR,2022-02-02 19:24:35,-1.405,-51.64,87.94,55,25,5.99
376,Noshiro,JP,2022-02-02 19:24:36,40.2039,140.0242,32.74,56,100,19.13
377,Touros,BR,2022-02-02 19:24:36,-5.1989,-35.4608,86.9,63,80,13.56
378,Mendi,PG,2022-02-02 19:24:36,-6.1761,143.6513,53.85,92,100,3.2
379,Maltahohe,NA,2022-02-02 19:24:37,-24.8333,16.9833,76.33,36,57,17.49
380,Zhigansk,RU,2022-02-02 19:24:37,66.7697,123.3711,-12.23,99,100,2.48
381,Karratha,AU,2022-02-02 19:24:37,-20.7377,116.8463,81.41,73,100,9.64
382,Kenai,US,2022-02-02 19:24:38,60.5544,-151.2583,17.65,86,100,9.22
383,Ust-Nera,RU,2022-02-02 19:24:38,64.5667,143.2,-16.83,99,98,2.39
384,Chimoio,MZ,2022-02-02 19:24:38,-19.1164,33.4833,75.06,94,20,2.64
385,Sobolevo,RU,2022-02-02 19:24:39,54.4299,31.8996,24.3,94,100,9.95
386,Smithers,CA,2022-02-02 19:24:39,54.7804,-127.1743,8.92,85,100,8.05
387,Machilipatnam,IN,2022-02-02 19:20:51,16.1667,81.1333,72.09,73,8,6.89
388,Tautira,PF,2022-02-02 19:24:22,-17.7333,-149.15,84.22,76,25,18.28
389,Lengshuitan,CN,2022-02-02 19:24:40,26.4111,111.5956,34.68,98,100,3.85
390,Elliot Lake,CA,2022-02-02 19:24:40,46.3834,-82.6331,21.29,62,100,8.7
391,Meulaboh,ID,2022-02-02 19:24:40,4.1363,96.1285,77.7,83,91,4.09
392,Broome,US,2022-02-02 19:24:41,42.2506,-75.833,42.37,69,0,1.99
393,Atar,MR,2022-02-02 19:24:41,20.5169,-13.0499,81.25,16,0,11.74
394,Obidos,BR,2022-02-02 19:24:41,-1.9175,-55.5181,85.42,62,75,7.34
395,Krasnouralsk,RU,2022-02-02 19:24:42,58.3638,60.0407,18.72,90,65,7.34
396,Moron,AR,2022-02-02 19:24:42,-34.6534,-58.6198,97.02,41,14,7.16
397,Trincomalee,LK,2022-02-02 19:24:42,8.5711,81.2335,77.43,69,6,9.42
398,Rayagada,IN,2022-02-02 19:24:43,19.1667,83.4167,64.67,95,5,1.77
399,Windsor,CA,2022-02-02 19:24:12,42.3001,-83.0165,34.97,96,100,11.5
400,Kapit,MY,2022-02-02 19:24:43,2.0167,112.9333,72.19,99,100,0.94
401,Jiayuguan,CN,2022-02-02 19:24:44,39.8167,98.3,22.93,34,100,7.31
402,Sao Filipe,CV,2022-02-02 19:24:44,14.8961,-24.4956,74.84,71,11,18.68
403,Jatiroto,ID,2022-02-02 19:24:44,-7.8833,111.1167,73.63,93,100,3.67
404,Biak,ID,2022-02-02 19:24:45,-0.9131,122.8766,76.08,78,100,5.57
405,Maceio,BR,2022-02-02 19:24:45,-9.6658,-35.7353,87.24,62,20,16.11
406,Los Llanos De Aridane,ES,2022-02-02 19:24:45,28.6585,-17.9182,64.15,89,0,5.99
407,Viedma,AR,2022-02-02 19:24:46,-40.8135,-62.9967,84.52,26,14,16.51
408,Gat,IL,2022-02-02 19:24:08,31.61,34.7642,60.4,60,99,5.68
409,Panzhihua,CN,2022-02-02 19:24:46,26.5851,101.7128,42.39,94,35,2.35
410,Baijiantan,CN,2022-02-02 19:24:46,45.6333,85.1833,5.92,87,100,0.65
411,Polovinnoye,RU,2022-02-02 19:24:47,54.7914,65.9864,15.08,97,43,8.59
412,Okara,PK,2022-02-02 19:24:47,30.8081,73.4458,58.12,51,100,14.12
413,Sisimiut,GL,2022-02-02 19:24:47,66.9395,-53.6735,0.48,79,100,18.07
414,Helena,US,2022-02-02 19:21:30,46.5927,-112.0361,8.42,51,83,1.99
415,Sorong,ID,2022-02-02 19:24:48,-0.8833,131.25,78.03,86,100,3.33
416,Matay,EG,2022-02-02 19:24:48,28.419,30.7792,58.95,34,0,6.33
417,Xiaoshi,CN,2022-02-02 19:24:49,41.2971,124.1209,-0.38,80,2,2.59
418,Hami,CN,2022-02-02 19:21:20,42.8,93.45,22.53,33,1,0.67
419,Kopayhorod,UA,2022-02-02 19:25:49,48.8592,27.7969,26.31,85,81,5.17
420,Kudat,MY,2022-02-02 19:25:50,6.8837,116.8477,80.53,89,20,3.44
421,High Level,CA,2022-02-02 19:25:50,58.5169,-117.136,-20.09,76,40,2.3
422,Rincon,US,2022-02-02 19:25:50,32.296,-81.2354,71.78,64,75,1.01
423,Dunmore Town,BS,2022-02-02 19:25:51,25.5,-76.65,72.73,61,0,18.79
424,Abu Zabad,SD,2022-02-02 19:25:52,12.35,29.25,77.2,17,39,8.77
425,Duluth,US,2022-02-02 19:25:43,46.7833,-92.1066,6.06,50,0,3.0
426,Mosquera,CO,2022-02-02 19:25:52,4.7059,-74.2302,66.29,52,40,10.36
427,Mount Isa,AU,2022-02-02 19:24:12,-20.7333,139.5,80.37,74,75,5.75
428,Otane,NZ,2022-02-02 19:25:52,-39.8833,176.6333,72.39,66,100,2.95
429,Conakry,GN,2022-02-02 19:25:07,9.538,-13.6773,84.27,54,6,9.22
430,Wagar,SD,2022-02-02 19:25:53,16.1525,36.2032,81.05,33,100,10.09
431,Davidson,US,2022-02-02 19:21:07,36.1501,-86.7833,52.39,83,100,5.99
432,Tiksi,RU,2022-02-02 19:25:53,71.6872,128.8694,-5.19,99,100,6.02
433,San Francisco,US,2022-02-02 19:23:12,37.7749,-122.4194,61.83,29,20,5.99
434,Launceston,AU,2022-02-02 19:24:39,-41.45,147.1667,49.8,74,3,4.0
435,Pangody,RU,2022-02-02 19:25:54,65.85,74.4859,-10.12,98,96,11.39
436,Caruray,PH,2022-02-02 19:25:54,10.3094,119.0128,77.67,88,100,8.21
437,Impfondo,CG,2022-02-02 19:25:55,1.6381,18.0667,75.6,32,100,2.08
438,Bosaso,SO,2022-02-02 19:25:55,11.2842,49.1816,74.8,72,13,5.84
439,Grand Gaube,MU,2022-02-02 19:25:55,-20.0064,57.6608,79.38,89,100,24.0
440,Mikumi,TZ,2022-02-02 19:25:56,-7.4041,36.9831,70.79,97,100,3.11
441,Singaparna,ID,2022-02-02 19:25:56,-7.3515,108.111,72.28,90,64,2.53
442,Miastko,PL,2022-02-02 19:25:56,54.0028,16.9826,29.68,97,95,6.62
443,Gallup,US,2022-02-02 19:25:57,35.5281,-108.7426,26.44,86,100,11.5
444,Chekmagush,RU,2022-02-02 19:25:57,55.1319,54.6556,27.64,94,100,13.04
445,Umm Kaddadah,SD,2022-02-02 19:25:58,13.6017,26.6876,73.92,17,19,6.15
446,Qiqihar,CN,2022-02-02 19:25:58,47.3408,123.9672,-5.12,88,82,6.67
447,Mana,GF,2022-02-02 19:25:58,5.6592,-53.7767,82.36,67,25,11.41
448,Suluq,LY,2022-02-02 19:25:59,31.6682,20.2521,53.2,64,91,11.27
449,Bonfim,BR,2022-02-02 19:25:59,3.0833,-59.95,90.25,42,93,8.34
450,Paamiut,GL,2022-02-02 19:25:59,61.994,-49.6678,4.24,72,100,12.08
451,Kindersley,CA,2022-02-02 19:26:00,51.4668,-109.1682,-11.42,76,20,9.22
452,Wawa,NG,2022-02-02 19:22:06,9.9022,4.4192,79.2,19,100,3.83
453,East London,ZA,2022-02-02 19:26:00,-33.0153,27.9116,79.77,83,86,2.86
454,Leeuwarden,NL,2022-02-02 19:26:00,53.2014,5.8086,46.0,91,100,6.91
455,Marau,BR,2022-02-02 19:25:01,-28.4492,-52.2,95.67,21,0,4.68
456,Road Town,VG,2022-02-02 19:26:01,18.4167,-64.6167,80.64,74,40,8.05
457,Agadez,NE,2022-02-02 19:26:01,19.75,10.25,61.63,19,0,10.78
458,Yashkino,RU,2022-02-02 19:26:02,55.8736,85.4265,16.75,100,98,2.86
459,Asilah,MA,2022-02-02 19:26:02,35.465,-6.0348,58.96,69,13,7.31
460,Puerto Baquerizo Moreno,EC,2022-02-02 19:26:03,-0.9,-89.6,83.39,65,20,13.8
461,Kerema,PG,2022-02-02 19:23:12,-7.9631,145.7785,76.26,74,100,2.35
462,Atasu,KZ,2022-02-02 19:26:03,48.6814,71.6433,12.52,86,100,4.38
463,Novooleksiyivka,UA,2022-02-02 19:27:04,46.2269,34.6428,40.19,97,100,5.28
464,Sarila,IN,2022-02-02 19:27:04,25.7667,79.6833,57.81,54,0,7.92
465,Sikasso,ML,2022-02-02 19:27:04,10.9167,-7.0,80.42,6,8,5.06
466,Formosa,AR,2022-02-02 19:26:37,-26.1775,-58.1781,102.18,22,40,11.5
467,Abay,KZ,2022-02-02 19:27:05,49.6311,72.8539,-1.82,87,100,3.27
468,Abu Samrah,SY,2022-02-02 19:27:05,35.3029,37.1841,50.94,60,100,11.1
469,Machinga,MW,2022-02-02 19:27:05,-15.1685,35.3,69.93,87,74,3.18
470,Tunceli,TR,2022-02-02 19:27:06,39.1083,39.5471,41.29,99,100,3.22
471,Honningsvag,NO,2022-02-02 19:27:06,70.9821,25.9704,27.34,71,84,9.4
472,Dalbandin,PK,2022-02-02 19:27:06,28.8947,64.4101,49.89,33,0,12.53
473,Piacabucu,BR,2022-02-02 19:27:07,-10.4056,-36.4344,84.69,62,11,12.55
474,Zyryanka,RU,2022-02-02 19:27:07,65.75,150.85,-27.2,100,25,2.51
475,Chicama,PE,2022-02-02 19:27:07,-7.8447,-79.1469,68.54,52,4,14.03
476,Khor,RU,2022-02-02 19:27:08,47.8861,134.9464,-18.63,100,98,4.63
477,Tateyama,JP,2022-02-02 19:27:08,34.9833,139.8667,35.62,58,12,8.97
478,Emba,KZ,2022-02-02 19:27:09,48.8264,58.1442,12.13,92,39,5.35
479,Alice Springs,AU,2022-02-02 19:27:09,-23.7,133.8833,65.75,88,100,8.05
480,Fengcheng,CN,2022-02-02 19:25:04,40.4536,124.0717,9.46,82,2,3.06
481,Yenagoa,NG,2022-02-02 19:27:09,4.9247,6.2642,82.42,63,1,9.53
482,Brasileia,BR,2022-02-02 19:27:10,-11.0161,-68.7481,86.45,74,75,6.91
483,Challapata,BO,2022-02-02 19:27:10,-18.9,-66.7667,56.5,53,91,5.82
484,Sorland,NO,2022-02-02 19:27:10,67.667,12.6934,28.26,54,100,19.66
485,Ellisras,ZA,2022-02-02 19:27:11,-23.6649,27.7443,79.41,47,4,5.06
486,Saint Stephen,GB,2022-02-02 19:27:11,50.3333,-4.9,48.74,81,100,10.36
487,Umm Lajj,SA,2022-02-02 19:27:11,25.0213,37.2685,70.21,47,0,3.4
488,Raudeberg,NO,2022-02-02 19:27:12,61.9875,5.1352,32.67,50,100,8.37
489,Maniitsoq,GL,2022-02-02 19:27:12,65.4167,-52.9,1.71,83,100,17.9
490,Jojoima,SL,2022-02-02 19:25:19,7.8792,-10.7878,81.45,20,12,2.3
491,Waspan,NI,2022-02-02 19:27:13,14.7419,-83.9717,88.14,47,20,8.21
492,Guadalupe Y Calvo,MX,2022-02-02 19:27:13,26.1,-106.9667,45.43,39,61,11.72
493,Samarai,PG,2022-02-02 19:27:13,-10.6167,150.6667,79.5,81,91,7.45
494,Topolobampo,MX,2022-02-02 19:27:14,25.6,-109.05,69.06,63,100,5.75
495,Veraval,IN,2022-02-02 19:27:14,20.9,70.3667,71.1,80,0,9.71
496,Leh,IN,2022-02-02 19:26:00,34.1667,77.5833,5.76,94,95,3.18
497,Rio Grande,BR,2022-02-02 19:27:15,-32.035,-52.0986,87.91,66,0,15.97
498,Port Hedland,AU,2022-02-02 19:27:15,-20.3167,118.5667,78.85,94,100,4.61
499,Trelew,AR,2022-02-02 19:27:16,-43.249,-65.3051,86.92,20,100,18.59
500,Portland,US,2022-02-02 19:25:46,45.5234,-122.6762,44.46,93,100,1.01
501,Ous,RU,2022-02-02 19:27:16,60.9058,61.5186,16.32,99,89,3.53
502,Toamasina,MG,2022-02-02 19:27:17,-18.1667,49.3833,77.0,83,40,9.22
503,Iberia,US,2022-02-02 19:27:17,29.9502,-91.7507,76.05,73,40,4.61
504,Ignalina,LT,2022-02-02 19:27:17,55.35,26.1667,25.63,96,100,6.55
505,Coihaique,CL,2022-02-02 19:25:17,-45.5752,-72.0662,66.15,52,75,11.5
506,Lewiston,US,2022-02-02 19:25:35,44.1003,-70.2148,41.92,73,40,14.97
507,Sandwick,GB,2022-02-02 19:27:18,60.0,-1.25,46.22,93,100,19.57
508,Riyadh,SA,2022-02-02 19:25:06,24.6877,46.7219,55.54,34,0,6.78
509,Carutapera,BR,2022-02-02 19:28:18,-1.195,-46.02,78.57,85,100,9.17
510,Saint George,US,2022-02-02 19:26:44,37.1041,-113.5841,41.63,24,75,4.0
511,Avondale,US,2022-02-02 19:28:19,33.4356,-112.3496,61.48,14,20,16.11
512,Madhugiri,IN,2022-02-02 19:28:19,13.6606,77.2092,69.06,50,2,6.49
513,Kondinskoye,RU,2022-02-02 19:28:20,59.6481,67.41,22.59,94,100,11.54
514,Agogo,GH,2022-02-02 19:28:20,6.8,-1.0819,78.69,15,13,2.82
515,Tallahassee,US,2022-02-02 19:23:46,30.4383,-84.2807,76.86,48,75,1.01
516,Kuala Lipis,MY,2022-02-02 19:28:20,4.1842,102.0468,72.9,95,100,0.54
517,Qui Nhon,VN,2022-02-02 19:28:21,13.7667,109.2333,72.9,89,100,7.27
518,Egvekinot,RU,2022-02-02 19:27:06,66.3167,-179.1667,-8.45,80,7,19.98
519,Lagoa,PT,2022-02-02 19:25:41,39.05,-27.9833,58.35,73,0,9.62
520,Khudumelapye,BW,2022-02-02 19:28:21,-23.8833,24.75,77.68,54,58,6.46
521,Panama City,PA,2022-02-02 19:28:22,8.9936,-79.5197,90.93,56,20,8.05
522,Ardakan,IR,2022-02-02 19:28:22,32.31,54.0175,50.38,34,0,4.54
523,Villacidro,IT,2022-02-02 19:28:22,39.4578,8.7406,51.49,86,26,8.37
524,Yerbogachen,RU,2022-02-02 19:28:23,61.2767,108.0108,-5.73,99,100,2.93
525,Ossora,RU,2022-02-02 19:27:36,59.2353,163.0719,18.01,88,100,8.48
526,Teya,RU,2022-02-02 19:28:24,60.3778,92.6267,12.34,96,100,4.74
527,Jumla,NP,2022-02-02 19:28:24,29.2747,82.1838,36.55,97,82,4.14
528,Rudnogorsk,RU,2022-02-02 19:28:25,57.2639,103.7519,-16.2,100,100,1.23
529,Champerico,GT,2022-02-02 19:28:25,14.3,-91.9167,91.94,59,0,11.77
530,Ewing,US,2022-02-02 19:28:25,40.2698,-74.7999,46.62,83,75,3.44
531,Komsomolets,KZ,2022-02-02 19:28:26,53.7453,62.0708,20.41,92,100,8.23
532,Iaciara,BR,2022-02-02 19:28:26,-14.0958,-46.6317,82.44,66,85,2.01
533,Bara,NG,2022-02-02 19:28:26,10.3744,10.7288,73.8,15,2,7.99
534,Mao,ES,2022-02-02 19:28:27,39.8885,4.2658,52.36,87,0,12.66
535,Hatillo,PR,2022-02-02 19:28:27,18.4863,-66.8254,85.37,69,5,3.0
536,Prince Rupert,CA,2022-02-02 19:25:44,54.3161,-130.3201,42.49,93,100,4.61
537,Labuhan,ID,2022-02-02 19:28:27,-6.8844,112.2051,76.82,90,100,6.64
538,Gamba,GA,2022-02-02 19:28:28,-2.65,10.0,78.37,85,100,4.65
539,Petropavlovka,RU,2022-02-02 19:28:28,50.6114,105.3196,-7.74,95,63,3.69
540,Sao Joao Da Barra,BR,2022-02-02 19:26:04,-21.6403,-41.0511,77.09,82,98,9.26
541,Itatiaia,BR,2022-02-02 19:26:31,-22.4961,-44.5633,72.41,97,100,1.74
542,Coro,VE,2022-02-02 19:28:29,11.4045,-69.6734,83.7,64,43,20.62
543,Nizhnevartovsk,RU,2022-02-02 19:28:29,60.9344,76.5531,21.22,93,100,11.18
544,Nyurba,RU,2022-02-02 19:28:29,63.2842,118.3319,-34.38,100,59,3.56
545,Bambanglipuro,ID,2022-02-02 19:28:30,-7.95,110.2833,62.6,91,100,8.28
546,Dali,CN,2022-02-02 19:26:51,25.7,100.1833,35.62,87,6,4.41
547,Rio Blanco,MX,2022-02-02 19:28:30,18.8333,-97.15,80.31,38,0,3.22
548,Pontianak,ID,2022-02-02 19:28:31,-0.0333,109.3333,76.98,100,75,1.14
549,Tabas,IR,2022-02-02 19:28:31,33.5959,56.9244,47.3,44,0,1.77
550,Trairi,BR,2022-02-02 19:25:22,-3.2778,-39.2689,84.15,65,15,12.37
551,Eregli,TR,2022-02-02 19:28:31,37.5133,34.0467,32.56,86,57,2.93
552,Urucara,BR,2022-02-02 19:28:32,-2.5364,-57.76,81.14,86,100,3.85
553,Cairns,AU,2022-02-02 19:28:32,-16.9167,145.7667,80.11,91,100,0.0
554,Henties Bay,NA,2022-02-02 19:28:33,-22.116,14.2845,69.85,80,82,5.97
555,Iquique,CL,2022-02-02 19:29:32,-20.2208,-70.1431,71.64,71,17,10.83
556,Bucak,TR,2022-02-02 19:29:33,37.4592,30.595,49.51,98,100,16.67
557,Lasa,IT,2022-02-02 19:25:46,46.6166,10.7002,41.02,95,100,7.76
558,Boende,CD,2022-02-02 19:29:33,-0.2167,20.8667,79.56,40,99,2.59
559,Mahajanga,MG,2022-02-02 19:29:34,-15.7167,46.3167,82.42,78,40,6.91
560,Ayan,RU,2022-02-02 19:28:49,56.45,138.1667,-1.5,69,100,15.64
561,Arlit,NE,2022-02-02 19:27:00,18.7369,7.3853,67.66,13,0,12.55
562,Campina Verde,BR,2022-02-02 19:29:34,-19.5356,-49.4864,80.53,71,29,3.04
563,Vinh,VN,2022-02-02 19:29:35,18.6667,105.6667,60.96,88,100,10.04
564,Crucea,RO,2022-02-02 19:29:35,44.5333,28.2333,34.09,83,100,6.24
565,Waipawa,NZ,2022-02-02 19:28:32,-41.4122,175.5153,65.44,68,95,14.79
566,Musoma,TZ,2022-02-02 19:29:36,-1.5,33.8,69.19,81,100,8.46
567,Storforshei,NO,2022-02-02 19:29:36,66.4043,14.5233,8.11,89,100,7.27
568,Timra,SE,2022-02-02 19:29:36,62.487,17.3257,11.88,79,20,6.91
569,Gerardmer,FR,2022-02-02 19:29:37,48.0735,6.8779,43.48,100,100,3.94
570,Tres Arroyos,AR,2022-02-02 19:29:37,-38.3739,-60.2798,91.31,24,100,18.12
571,Olinda,BR,2022-02-02 19:29:37,-8.0089,-34.8553,85.73,66,40,9.22
572,Caramay,PH,2022-02-02 19:29:38,10.1815,119.236,77.68,89,100,7.85
573,Sao Raimundo Nonato,BR,2022-02-02 19:29:38,-9.0153,-42.6994,83.97,47,97,3.29
